pid,Step 45,Step 40,Step 35,Step 30,Step 25,Step 20,Step 15,Step 10,Step 5
4000,1.0,0.785,0.6177,0.5137,0.5156,0.4744,0.4226,0.383,0.2861
4001,1.001,0.8726,0.731,0.5845,0.505,0.4414,0.3806,0.2957,0.1885
4002,0.999,0.899,0.8086,0.718,0.6533,0.5835,0.4944,0.3848,0.269
4003,1.001,0.849,0.6543,0.5312,0.4326,0.3457,0.184,0.11,0.08026
4004,1.0,0.9,0.734,0.514,0.3352,0.2313,0.1533,0.0948,0.0909
4005,1.0,0.791,0.651,0.6074,0.5605,0.505,0.414,0.3062,-0.03598
4006,0.999,0.8857,0.804,0.7134,0.6157,0.533,0.4617,0.384,0.1814
4007,1.0,0.8804,0.6494,0.528,0.4834,0.432,0.3633,0.276,0.1823
4008,1.0,0.871,0.6606,0.4946,0.4036,0.3335,0.2896,0.2625,0.1079
4009,1.001,0.777,0.555,0.4797,0.385,0.3486,0.3435,0.3394,0.329
4010,1.001,0.8223,0.4443,0.4067,0.4058,0.393,0.3538,0.2673,0.1409
4011,1.0,0.8916,0.7217,0.562,0.3726,0.2484,0.1632,0.10187,0.0743
4012,0.9995,0.82,0.6616,0.559,0.44,0.36,0.315,0.2673,0.1808
4013,1.0,0.8745,0.7524,0.648,0.5737,0.5015,0.466,0.4507,0.3706
4014,1.0,0.901,0.7173,0.6216,0.5522,0.4949,0.4546,0.4194,0.3777
4015,1.0,0.7666,0.614,0.3186,0.2927,0.2502,0.2284,0.191,0.1312
4016,1.001,0.902,0.7,0.5454,0.4297,0.3604,0.307,0.2236,0.1677
4017,1.0,0.8667,0.651,0.522,0.3835,0.3289,0.2769,0.2351,0.182
4018,1.0,0.823,0.6274,0.5454,0.4678,0.4065,0.3513,0.1708,0.1383
4019,1.0,0.855,0.651,0.5967,0.54,0.4802,0.392,0.3203,0.102
4020,1.0,0.863,0.692,0.5566,0.4385,0.3743,0.3394,0.3235,0.2407
4021,1.0,0.837,0.7754,0.668,0.6084,0.5576,0.4946,0.4358,0.2585
4022,1.001,0.8916,0.65,0.519,0.4688,0.4275,0.3513,0.2798,0.1422
4023,1.001,0.817,0.56,0.355,0.1343,0.0855,0.0509,0.0442,0.02293
4024,1.0,0.856,0.602,0.3586,0.2339,0.1969,0.1624,0.0463,0.01993
4025,1.001,0.809,0.4885,0.4417,0.3982,0.33,0.3,0.2288,0.1748
4026,1.001,0.888,0.757,0.652,0.5728,0.4912,0.4233,0.1333,0.08826
4027,1.001,0.8594,0.4631,0.3386,0.2825,0.2515,0.2361,0.224,0.2002
4028,1.0,0.831,0.688,0.6255,0.5815,0.517,0.4717,0.426,0.36
4029,0.999,0.883,0.754,0.579,0.4355,0.3438,0.249,0.0588,0.00494
4030,1.0,0.8716,0.656,0.2856,0.2164,0.2023,0.199,0.1837,0.11017
4031,1.0,0.803,0.5254,0.3914,0.351,0.3003,0.2544,0.1981,0.1251
4032,1.0,0.7915,0.583,0.441,0.3535,0.2996,0.263,0.2294,0.1598
4033,0.9995,0.8833,0.739,0.513,0.2217,0.1821,0.1477,0.1267,0.10266
4034,0.999,0.922,0.821,0.6616,0.653,0.571,0.4773,0.2856,0.1752
4035,1.0,0.893,0.6606,0.4102,0.2915,0.235,0.2096,0.1931,0.1694
4036,0.9995,0.9106,0.805,0.6934,0.579,0.503,0.4326,0.3699,0.2776
4037,1.001,0.772,0.5015,0.3093,0.2404,0.2141,0.1781,0.12225,-0.001681
4038,1.001,0.857,0.6743,0.4895,0.403,0.3296,0.271,0.2026,0.1565
4039,1.001,0.9146,0.786,0.649,0.5303,0.4211,0.2394,0.02496,0.01607
4040,1.0,0.899,0.7188,0.5986,0.4993,0.4177,0.351,0.2803,0.2239
4041,1.0,0.906,0.682,0.3975,0.358,0.3284,0.309,0.241,0.2097
4042,0.9995,0.899,0.8037,0.666,0.5254,0.4404,0.2354,0.1959,0.179
4043,1.001,0.9185,0.7866,0.609,0.4563,0.3757,0.3022,0.2189,0.09576
4044,0.9995,0.9062,0.776,0.627,0.4207,0.3884,0.3625,0.3208,0.2169
4045,1.0,0.866,0.7095,0.5635,0.4785,0.4,0.3386,0.2747,0.1818
4046,1.0,0.784,0.6265,0.544,0.4998,0.4658,0.431,0.3865,0.351
4047,1.0,0.8438,0.695,0.604,0.5137,0.4133,0.3262,0.2537,0.1857
4048,1.001,0.8765,0.7563,0.664,0.5684,0.4639,0.2598,0.0854,0.04214
4049,0.9995,0.8604,0.561,0.5073,0.4446,0.3787,0.333,0.2864,0.1477
4050,1.0,0.8813,0.609,0.4783,0.364,0.2479,0.1993,0.132,0.0825
4051,1.0,0.6504,0.5254,0.4326,0.3613,0.3245,0.3098,0.2876,0.1895
4052,1.0,0.8135,0.5786,0.461,0.423,0.3997,0.3782,0.3533,0.2693
4053,1.0,0.8633,0.709,0.5503,0.3132,0.272,0.263,0.261,0.2097
4054,1.001,0.8237,0.598,0.4824,0.3965,0.3572,0.2842,0.2123,-0.00691
4055,0.999,0.896,0.785,0.668,0.5083,0.4617,0.428,0.3982,0.3977
4056,1.0,0.8965,0.7476,0.6177,0.5073,0.4348,0.228,0.1741,0.02977
4057,0.999,0.843,0.6904,0.63,0.554,0.4595,0.3572,0.2029,0.1484
4058,0.9995,0.8813,0.731,0.566,0.3872,0.341,0.2822,0.1927,0.0519
4059,1.001,0.8657,0.604,0.3975,0.3171,0.2598,0.1884,0.03824,0.002502
4060,1.0,0.8926,0.68,0.363,0.2754,0.2339,0.2114,0.188,0.0958
4061,1.0,0.858,0.6504,0.309,0.2415,0.2054,0.1775,0.1328,0.05878
4062,1.001,0.8525,0.65,0.502,0.329,0.2764,0.2394,0.1814,0.1589
4063,1.001,0.892,0.7646,0.6636,0.5635,0.3044,0.2637,0.2241,0.1537
4064,1.0,0.893,0.752,0.5576,0.428,0.3691,0.3281,0.2837,0.2258
4065,1.0,0.889,0.7075,0.4385,0.2837,0.1864,0.1727,0.174,0.1163
4066,1.0,0.7134,0.411,0.342,0.3062,0.289,0.2732,0.2544,0.1467
4067,1.0,0.8857,0.728,0.596,0.5044,0.4355,0.3748,0.3066,0.1704
4068,1.0,0.8774,0.6895,0.517,0.3848,0.259,0.1764,0.1534,0.0933
4069,0.999,0.868,0.6606,0.546,0.4836,0.3887,0.3145,0.1547,0.1165
4070,1.0,0.854,0.6406,0.539,0.4119,0.091,0.0685,0.02768,0.000857
4071,1.0,0.887,0.748,0.634,0.553,0.4739,0.404,0.2979,0.2034
4072,1.0,0.8125,0.519,0.3179,0.2322,0.2045,0.1783,0.1603,0.1322
4073,0.9995,0.8667,0.662,0.5396,0.482,0.462,0.4475,0.4307,0.3909
4074,1.0,0.8804,0.7383,0.582,0.3936,0.2246,0.0971,0.0855,0.08276
4075,1.001,0.8726,0.6245,0.4773,0.4204,0.3914,0.3435,0.281,0.0796
4076,1.001,0.6904,0.5723,0.52,0.4392,0.4043,0.3667,0.3145,0.2883
4077,1.001,0.7534,0.6133,0.468,0.3525,0.2651,0.02444,-5.63e-05,0.02493
4078,1.0,0.828,0.6685,0.584,0.5044,0.398,0.2827,0.1348,0.06155
4079,1.0,0.858,0.512,0.37,0.3396,0.3262,0.303,0.2294,0.1292
4080,0.9995,0.865,0.577,0.401,0.3577,0.3232,0.2527,0.2076,-0.006134
4081,1.0,0.8916,0.692,0.522,0.4143,0.3352,0.2705,0.227,0.165
4082,1.0,0.8677,0.7207,0.5596,0.4792,0.4104,0.3535,0.2925,0.06696
4083,1.0,0.8066,0.6416,0.512,0.4556,0.4304,0.3914,0.2644,0.07385
4084,1.0,0.9033,0.7676,0.657,0.573,0.517,0.46,0.4028,0.3223
4085,1.0,0.7705,0.6104,0.3513,0.2705,0.1937,0.1705,0.1215,0.0895
4086,1.0,0.881,0.647,0.424,0.3237,0.2769,0.2328,0.1935,0.1489
4087,1.0,0.839,0.6665,0.536,0.4604,0.3545,0.1854,0.005383,0.0175
4088,0.9995,0.8696,0.625,0.339,0.2128,0.1827,0.1777,0.04767,0.02432
4089,1.0,0.873,0.757,0.684,0.644,0.624,0.587,0.478,0.0287
4090,1.001,0.8867,0.719,0.602,0.4739,0.2157,0.2014,0.1691,0.10614
4091,1.0,0.852,0.634,0.3804,0.3186,0.2842,0.2659,0.2385,0.2094
4092,0.9995,0.896,0.7627,0.6562,0.5703,0.4934,0.4172,0.336,0.1953
4093,0.999,0.878,0.7505,0.6094,0.3987,0.3206,0.2756,0.2395,0.1506
4094,1.001,0.8306,0.684,0.592,0.5513,0.5293,0.501,0.4587,0.3777
4095,0.9995,0.784,0.6445,0.472,0.3088,0.1768,0.1051,-0.01004,0.00809
4096,1.001,0.8696,0.705,0.574,0.458,0.4102,0.378,0.3184,0.2124
4097,1.0,0.886,0.7603,0.646,0.549,0.458,0.3767,0.3152,0.2067
4098,0.999,0.8745,0.779,0.69,0.5864,0.3845,0.2128,0.1089,0.01881
4099,0.999,0.9136,0.7817,0.677,0.6216,0.5713,0.5005,0.3499,0.2634
4100,0.9995,0.7812,0.641,0.3906,0.2725,0.2384,0.2206,0.174,0.1094
4101,1.0,0.9033,0.787,0.685,0.595,0.53,0.4907,0.455,0.3765
4102,1.0,0.886,0.7456,0.5283,0.4287,0.3367,0.2703,0.2074,0.09674
4103,1.001,0.8267,0.6855,0.599,0.4941,0.399,0.3435,0.291,0.03192
4104,0.9995,0.908,0.6934,0.4795,0.264,0.1483,0.05606,0.07086,0.02315
4105,1.001,0.7935,0.5947,0.3757,0.178,0.1715,0.1257,0.1185,0.05325
4106,1.0,0.9097,0.7896,0.6377,0.3792,0.2798,0.224,0.1469,0.1226
4107,1.0,0.875,0.722,0.5605,0.2605,0.1866,0.1384,0.1214,0.1106
4108,0.999,0.9004,0.7944,0.698,0.642,0.5796,0.419,0.3057,0.1835
4109,0.9995,0.803,0.644,0.4792,0.4072,0.363,0.3223,0.2778,0.1885
4110,1.0,0.7954,0.5435,0.382,0.2935,0.2585,0.1025,0.0575,0.01245
4111,1.0,0.867,0.664,0.422,0.343,0.2491,0.175,0.1073,0.03882
4112,1.0,0.8945,0.7554,0.4602,0.3962,0.341,0.2866,0.10944,0.04288
4113,1.001,0.879,0.6836,0.5215,0.4246,0.2605,0.1371,0.154,0.16
4114,1.0,0.7715,0.65,0.435,0.3782,0.2151,0.2189,0.1998,0.1469
4115,1.001,0.844,0.655,0.4836,0.3506,0.286,0.2527,0.207,0.02246
4116,1.0,0.8164,0.6284,0.554,0.4873,0.405,0.3215,0.2683,0.2
4117,0.9995,0.8853,0.7515,0.631,0.552,0.4917,0.4397,0.396,0.3394
4118,1.0,0.821,0.64,0.5283,0.4646,0.2732,0.255,0.2311,0.1754
4119,1.0,0.8765,0.541,0.452,0.3484,0.278,0.191,0.1874,0.1779
4120,1.0,0.881,0.7734,0.6606,0.542,0.3782,0.294,0.2603,0.10284
4121,1.0,0.8945,0.769,0.68,0.6104,0.544,0.4583,0.2903,0.1931
4122,1.0,0.848,0.711,0.588,0.5127,0.476,0.4412,0.3525,0.278
4123,1.001,0.9097,0.826,0.714,0.601,0.4958,0.364,0.2524,0.11975
4124,1.001,0.8433,0.655,0.5083,0.3806,0.3376,0.299,0.2554,0.11304
4125,0.9995,0.8784,0.5947,0.5464,0.4958,0.4062,0.3186,0.248,0.1488
4126,1.0,0.876,0.694,0.6167,0.559,0.491,0.41,0.2993,0.1792
4127,1.0,0.8955,0.7344,0.4507,0.296,0.2615,0.2349,0.174,0.05505
4128,0.9995,0.913,0.7705,0.6143,0.5166,0.4292,0.3828,0.3176,0.2273
4129,1.0,0.8643,0.699,0.609,0.494,0.2217,0.12445,0.0924,0.04944
4130,1.001,0.833,0.6216,0.4492,0.2974,0.2446,0.2268,0.2124,0.10223
4131,0.9995,0.864,0.769,0.678,0.5405,0.4302,0.2343,0.01785,0.01836
4132,1.0,0.873,0.538,0.351,0.3105,0.2983,0.2644,0.2074,0.1384
4133,1.001,0.8975,0.799,0.7236,0.6416,0.535,0.4612,0.399,0.341
4134,1.0,0.864,0.652,0.4155,0.3179,0.2659,0.2222,0.1943,0.1348
4135,1.001,0.8643,0.623,0.497,0.3933,0.352,0.3252,0.255,0.1764
4136,1.0,0.777,0.521,0.4343,0.3743,0.338,0.3142,0.2622,0.1835
4137,1.0,0.9023,0.797,0.724,0.6567,0.5166,0.4717,0.2576,0.01082
4138,1.0,0.862,0.565,0.3074,0.2393,0.2048,0.1732,0.1481,0.0978
4139,1.001,0.804,0.649,0.4983,0.4172,0.34,0.255,0.1559,0.05902
4140,1.0,0.846,0.738,0.5234,0.3154,0.2917,0.254,0.162,0.04947
4141,0.9995,0.888,0.753,0.648,0.576,0.5005,0.4285,0.3591,0.1543
4142,0.9995,0.8276,0.5986,0.4983,0.4297,0.3582,0.2795,0.1926,0.1218
4143,0.999,0.8984,0.7886,0.664,0.534,0.4014,0.3264,0.2346,0.1696
4144,0.9995,0.8994,0.7397,0.585,0.4722,0.4133,0.3682,0.3079,0.1688
4145,1.0,0.856,0.6553,0.494,0.4172,0.3687,0.285,0.2013,0.0983
4146,0.9995,0.8794,0.7456,0.631,0.5176,0.4202,0.3022,0.2136,0.1605
4147,1.0,0.7925,0.666,0.5635,0.4846,0.4321,0.2725,0.2612,0.2612
4148,0.9995,0.721,0.506,0.3875,0.3313,0.2856,0.1953,0.1189,0.0939
4149,1.0,0.8574,0.7266,0.6064,0.522,0.4375,0.277,0.2522,0.196
4150,1.0,0.922,0.7764,0.4175,0.1573,0.1162,0.09485,0.08813,0.06052
4151,0.9995,0.894,0.767,0.6313,0.4307,0.352,0.2908,0.2756,0.05734
4152,1.0,0.8525,0.611,0.4607,0.4001,0.3198,0.2942,0.2817,-0.02118
4153,1.0,0.8784,0.708,0.5537,0.4636,0.3787,0.3274,0.2317,0.1395
4154,1.001,0.8833,0.4504,0.3987,0.364,0.3103,0.2632,0.2252,0.1709
4155,0.999,0.915,0.7866,0.6577,0.548,0.4788,0.3955,0.2844,0.2166
4156,1.001,0.742,0.575,0.495,0.4226,0.3584,0.3394,0.2556,0.1716
4157,1.0,0.802,0.5283,0.3394,0.2917,0.2732,0.2568,0.2263,0.1967
4158,1.0,0.878,0.721,0.352,0.2379,0.1997,0.1677,0.1206,0.08875
4159,1.001,0.8857,0.65,0.399,0.3079,0.2627,0.2335,0.1891,0.1475
4160,1.001,0.878,0.7446,0.634,0.339,0.2783,0.2527,0.2273,0.1383
4161,1.0,0.804,0.4978,0.3442,0.2747,0.2218,0.1742,0.1477,0.09204
4162,1.0,0.808,0.6245,0.3787,0.2908,0.2588,0.2345,0.02794,0.002974
4163,1.0,0.884,0.7124,0.5747,0.384,0.2512,0.1775,0.1193,0.0528
4164,1.0,0.8804,0.765,0.6772,0.629,0.564,0.4358,0.2246,0.0982
4165,1.001,0.872,0.715,0.5913,0.4456,0.3623,0.304,0.0744,0.0343
4166,1.0,0.881,0.7236,0.547,0.2311,0.1792,0.1654,0.1544,0.0765
4167,1.0,0.7993,0.55,0.5493,0.4653,0.3801,0.315,0.2556,-0.04752
4168,0.999,0.804,0.7188,0.664,0.5806,0.4866,0.382,0.2632,0.002266
4169,0.9995,0.8633,0.5903,0.4417,0.361,0.3083,0.2668,0.1813,0.1327
4170,1.0,0.88,0.7837,0.611,0.301,0.2852,0.282,0.2449,0.1445
4171,0.9995,0.751,0.5815,0.4355,0.3035,0.2322,0.1703,0.1328,0.07904
4172,0.999,0.8506,0.764,0.6777,0.6094,0.554,0.5146,0.4575,0.3118
4173,1.0,0.815,0.5356,0.4497,0.3733,0.3245,0.265,0.182,0.02219
4174,1.0,0.8926,0.6,0.49,0.4607,0.4272,0.3818,0.316,0.11456
4175,1.0,0.812,0.6216,0.48,0.301,0.1687,0.055,0.04056,0.04013
4176,1.0,0.8716,0.714,0.5522,0.4158,0.356,0.3132,0.08844,0.03964
4177,0.999,0.797,0.7227,0.617,0.5234,0.4368,0.3662,0.318,0.2642
4178,0.999,0.9194,0.798,0.6636,0.5386,0.429,0.2634,0.1882,0.12476
4179,1.001,0.814,0.652,0.5806,0.53,0.4658,0.1847,0.1473,0.11017
4180,0.999,0.841,0.569,0.435,0.3225,0.2366,0.1714,0.1447,0.10046
4181,1.001,0.7754,0.54,0.305,0.2844,0.275,0.2683,0.243,0.1448
4182,1.0,0.6216,0.5337,0.4749,0.4175,0.3594,0.2993,0.0645,0.03525
4183,1.001,0.856,0.5566,0.4658,0.397,0.3372,0.2769,0.121,0.05865
4184,1.0,0.7314,0.507,0.4448,0.4094,0.3606,0.2898,0.1768,0.06793
4185,0.999,0.833,0.681,0.548,0.3926,0.3113,0.2727,0.1708,0.1366
4186,1.001,0.914,0.796,0.687,0.5933,0.518,0.4482,0.345,0.2155
4187,1.001,0.807,0.5986,0.547,0.5215,0.5063,0.478,0.4148,0.3486
4188,1.001,0.83,0.7217,0.64,0.586,0.5503,0.502,0.436,0.3535
4189,1.0,0.827,0.573,0.436,0.3354,0.2922,0.2559,0.1986,0.02924
4190,1.001,0.762,0.5884,0.4124,0.309,0.2527,0.2327,0.2047,0.11774
4191,0.9995,0.838,0.6963,0.597,0.4463,0.3901,0.3083,0.2131,0.07733
4192,1.0,0.7896,0.7114,0.63,0.547,0.4722,0.3857,0.2952,0.052
4193,1.001,0.884,0.5723,0.3928,0.281,0.2437,0.2362,0.229,0.2081
4194,1.001,0.8096,0.604,0.5464,0.4583,0.3672,0.3076,0.2966,0.1437
4195,1.0,0.669,0.4294,0.2896,0.243,0.2279,0.2218,0.2134,0.2112
4196,0.9995,0.786,0.5884,0.3958,0.2646,0.1914,0.1154,0.09186,0.04593
4197,0.9995,0.886,0.773,0.666,0.577,0.4749,0.351,0.2141,0.03235
4198,1.0,0.884,0.7446,0.604,0.4724,0.3896,0.315,0.2499,0.1604
4199,0.999,0.7393,0.639,0.5986,0.532,0.4534,0.4036,0.3735,0.3303
4200,1.0,0.8823,0.724,0.646,0.5767,0.5093,0.4116,0.304,0.1603
4201,1.0,0.8804,0.691,0.5054,0.3386,0.1576,0.05515,0.01357,0.00968
4202,0.9995,0.9004,0.7305,0.5425,0.4697,0.4285,0.4053,0.375,0.3206
4203,1.0,0.7964,0.6416,0.586,0.5244,0.479,0.4521,0.3516,0.2102
4204,1.0,0.9014,0.799,0.7163,0.662,0.5923,0.4333,0.313,0.1713
4205,1.0,0.89,0.7544,0.6406,0.537,0.4597,0.3372,0.2627,0.1642
4206,0.9995,0.81,0.6035,0.5156,0.4026,0.365,0.2957,0.2341,0.05374
4207,1.0,0.8843,0.681,0.454,0.2898,0.2433,0.2537,0.2494,0.156
4208,1.001,0.8647,0.6963,0.554,0.4287,0.3274,0.2637,0.1836,0.1277
4209,1.0,0.855,0.704,0.6045,0.5327,0.4668,0.2554,0.2026,0.1576
4210,1.0,0.89,0.679,0.5854,0.533,0.4622,0.3787,0.175,0.0555
4211,1.0,0.8184,0.5464,0.4375,0.27,0.2262,0.197,0.1864,-0.03336
4212,1.0,0.8887,0.779,0.6704,0.5166,0.3972,0.2676,0.1376,0.0501
4213,1.001,0.8574,0.6133,0.4602,0.3655,0.3381,0.3232,0.3079,0.2683
4214,1.0,0.9106,0.788,0.6904,0.621,0.5435,0.4456,0.1018,0.06113
4215,1.0,0.8687,0.6987,0.3933,0.3472,0.318,0.2922,0.2507,0.162
4216,1.0,0.881,0.694,0.577,0.494,0.4175,0.3076,0.189,0.1619
4217,1.0,0.846,0.6465,0.4045,0.3218,0.2957,0.281,0.1743,0.02429
4218,1.001,0.8955,0.73,0.5527,0.335,0.208,0.1897,0.12354,0.04364
4219,1.001,0.8975,0.7554,0.6123,0.498,0.4119,0.3518,0.2393,-0.01328
4220,0.999,0.886,0.646,0.4915,0.441,0.4033,0.3767,0.3425,0.273
4221,0.9995,0.8843,0.7104,0.4944,0.2377,0.2236,0.1779,0.11694,0.1034
4222,1.001,0.874,0.7407,0.632,0.34,0.3047,0.262,0.19,0.1254
4223,0.9995,0.8687,0.704,0.5723,0.5166,0.4812,0.439,0.3787,0.318
4224,1.001,0.8438,0.7397,0.6313,0.4631,0.3594,0.2832,0.1288,0.0906
4225,1.0,0.8535,0.661,0.5986,0.5024,0.4272,0.3086,0.1102,0.04535
4226,1.0,0.8257,0.678,0.5405,0.462,0.428,0.39,0.3345,0.11584
4227,1.001,0.8965,0.7705,0.6514,0.55,0.4585,0.371,0.2598,0.14
4228,1.0,0.848,0.541,0.3472,0.1456,0.1119,0.09485,0.0825,0.02254
4229,1.0,0.75,0.548,0.517,0.346,0.2487,0.2053,0.03107,0.0122
4230,1.0,0.8716,0.706,0.6025,0.5293,0.4666,0.3857,0.2825,0.1581
4231,1.0,0.6963,0.5312,0.4592,0.353,0.3318,0.3123,0.276,0.02336
4232,1.0,0.857,0.6733,0.3806,0.2944,0.2253,0.1678,0.1335,0.05615
4233,0.9995,0.886,0.78,0.7026,0.6333,0.5566,0.4504,0.2974,0.1167
4234,1.001,0.8013,0.606,0.4714,0.4243,0.4072,0.3962,0.3823,0.3364
4235,1.0,0.898,0.673,0.4648,0.2822,0.0931,0.0727,0.0806,0.06946
4236,1.0,0.8896,0.7827,0.6826,0.569,0.502,0.4624,0.3933,0.118
4237,0.9995,0.873,0.5615,0.4292,0.4192,0.3994,0.38,0.369,0.3528
4238,1.0,0.9,0.6797,0.5703,0.4448,0.3599,0.2756,0.1938,0.02812
4239,1.0,0.8276,0.6904,0.6094,0.5464,0.5273,0.5073,0.456,0.3635
4240,1.001,0.8906,0.75,0.6606,0.578,0.4973,0.4014,0.2913,0.2078
4241,1.0,0.8325,0.6504,0.5806,0.5093,0.4446,0.3782,0.2686,0.201
4242,1.001,0.836,0.664,0.5903,0.5435,0.514,0.4604,0.1517,0.0924
4243,1.001,0.8423,0.669,0.576,0.5264,0.4568,0.3525,0.2659,0.06866
4244,0.9995,0.903,0.7617,0.6616,0.588,0.3882,0.3555,0.2766,0.1191
4245,1.0,0.813,0.6704,0.5903,0.4878,0.3237,0.254,0.2156,0.2045
4246,1.001,0.8467,0.7295,0.625,0.5283,0.3943,0.2496,0.1823,0.1437
4247,1.0,0.8496,0.5825,0.3206,0.2015,0.168,0.1515,0.1251,0.03723
4248,1.0,0.8315,0.562,0.381,0.3096,0.2854,0.243,0.2153,0.1929
4249,1.0,0.9014,0.7666,0.6157,0.4885,0.4055,0.336,0.1592,0.1373
4250,1.001,0.6777,0.539,0.409,0.2524,0.1783,0.1782,0.12445,0.0905
4251,0.9995,0.8945,0.735,0.5874,0.3489,0.3057,0.2832,0.2598,0.2141
4252,1.001,0.9,0.7036,0.4587,0.3767,0.3088,0.2374,0.1443,0.123
4253,1.0,0.8374,0.6255,0.48,0.435,0.4058,0.3704,0.329,0.286
4254,1.0,0.713,0.5425,0.4888,0.4463,0.3357,0.2085,0.1293,0.07104
4255,0.9995,0.8545,0.6787,0.5273,0.387,0.2993,0.1931,0.1194,0.05414
4256,1.0,0.905,0.79,0.668,0.5,0.403,0.3418,0.2937,0.2482
4257,1.001,0.7344,0.5728,0.3164,0.1842,0.1681,0.1407,0.1016,0.0844
4258,1.0,0.886,0.7217,0.562,0.4707,0.4167,0.3228,0.2251,0.05957
4259,0.999,0.807,0.6626,0.57,0.4807,0.402,0.3477,0.2524,0.1444
4260,1.0,0.651,0.4822,0.4072,0.348,0.2532,0.1781,0.1458,0.10876
4261,1.001,0.879,0.69,0.6226,0.5767,0.523,0.4497,0.3997,0.258
4262,1.0,0.904,0.7925,0.707,0.5957,0.376,0.275,0.2236,0.1716
4263,1.001,0.9126,0.79,0.701,0.6265,0.555,0.4673,0.3816,0.1643
4264,0.9995,0.8916,0.699,0.633,0.591,0.5317,0.4573,0.3352,0.1559
4265,1.0,0.891,0.6904,0.4968,0.1942,0.1698,0.163,0.1539,0.0946
4266,1.0,0.8066,0.6006,0.457,0.3982,0.3457,0.241,0.1671,0.1206
4267,0.9995,0.8647,0.7104,0.5786,0.3105,0.2725,0.1843,0.1003,0.08136
4268,1.0,0.915,0.8174,0.729,0.6274,0.494,0.3455,0.1613,-0.0010805
4269,1.0,0.81,0.554,0.4849,0.429,0.363,0.2395,0.1377,0.07367
4270,0.9995,0.9067,0.7827,0.6855,0.6055,0.52,0.4058,0.2964,0.143
4271,1.0,0.873,0.758,0.674,0.6094,0.549,0.4656,0.372,0.0892
4272,1.0,0.8438,0.5767,0.513,0.4768,0.4128,0.3013,0.1279,0.1054
4273,1.0,0.8706,0.692,0.5415,0.4634,0.4407,0.4048,0.3242,0.232
4274,1.0,0.8994,0.762,0.654,0.423,0.3208,0.261,0.1256,0.0734
4275,1.0,0.8794,0.7144,0.593,0.446,0.337,0.1096,0.0763,0.0837
4276,1.001,0.868,0.689,0.5728,0.4285,0.3662,0.327,0.2837,0.2184
4277,1.0,0.8726,0.7095,0.614,0.509,0.4663,0.431,0.3276,0.2136
4278,1.001,0.8477,0.595,0.535,0.4592,0.3547,0.2463,0.1736,0.09595
4279,0.9995,0.8955,0.6846,0.526,0.39,0.3513,0.3047,0.1407,0.0365
4280,1.001,0.82,0.6704,0.583,0.5166,0.4653,0.4106,0.3313,0.2367
4281,1.001,0.81,0.692,0.6353,0.5996,0.5635,0.504,0.4119,0.3066
4282,1.0,0.776,0.545,0.4204,0.301,0.2068,0.1471,0.0597,0.06305
4283,1.001,0.8213,0.6807,0.536,0.41,0.3274,0.2756,0.1686,0.0884
4284,1.0,0.8535,0.6934,0.3506,0.2722,0.2169,0.1584,0.1188,0.05356
4285,1.001,0.9106,0.7773,0.6396,0.5356,0.4458,0.3792,0.3008,0.2277
4286,1.001,0.849,0.6777,0.567,0.4792,0.38,0.3455,0.326,0.3057
4287,1.0,0.8945,0.7407,0.584,0.4988,0.3752,0.3865,0.3342,0.2786
4288,1.0,0.837,0.6743,0.5674,0.4387,0.2695,0.2338,0.1991,0.04758
4289,1.0,0.862,0.6475,0.4058,0.3257,0.2578,0.1263,0.0768,0.02689
4290,0.9995,0.9023,0.7554,0.6665,0.581,0.2223,0.1515,0.1434,0.0736
4291,1.0,0.798,0.607,0.3853,0.3865,0.3616,0.315,0.2428,0.0938
4292,1.0,0.8228,0.6294,0.5015,0.4326,0.3828,0.2009,0.1186,0.1154
4293,1.0,0.8794,0.4043,0.1582,0.1835,0.1552,0.1276,0.10693,0.0914
4294,0.999,0.8823,0.7847,0.676,0.4746,0.399,0.3655,0.3071,0.09937
4295,1.0,0.8916,0.746,0.5986,0.398,0.3357,0.3035,0.284,0.2229
4296,0.999,0.8755,0.6685,0.538,0.4346,0.3257,0.2443,0.1875,0.09796
4297,0.9995,0.9062,0.766,0.664,0.559,0.4602,0.3943,0.3245,0.17
4298,1.0,0.864,0.609,0.4797,0.3977,0.3428,0.2527,0.1936,0.02425
4299,1.001,0.915,0.784,0.6,0.473,0.3691,0.2993,0.2358,0.1205
4300,0.9995,0.904,0.7676,0.657,0.5786,0.514,0.443,0.3542,0.2296
4301,0.9995,0.8555,0.6035,0.4846,0.353,0.2695,0.1838,0.1114,0.04428
4302,0.999,0.824,0.6475,0.544,0.4739,0.4155,0.3699,0.3308,0.2732
4303,1.0,0.863,0.6743,0.5225,0.4238,0.3586,0.1919,0.1752,0.06
4304,1.0,0.6885,0.5586,0.4753,0.3772,0.3098,0.2756,0.2328,0.1332
4305,1.0,0.8975,0.6875,0.4465,0.3896,0.3271,0.2764,0.1957,0.2449
4306,1.0,0.866,0.643,0.4211,0.3555,0.2322,0.188,0.1345,0.12115
4307,1.0,0.881,0.701,0.512,0.1824,0.147,0.1324,0.1127,0.04443
4308,0.9995,0.849,0.6636,0.5156,0.4414,0.355,0.2554,0.205,0.02931
4309,1.0,0.9053,0.7534,0.6006,0.4966,0.417,0.35,0.2947,0.2524
4310,0.9995,0.839,0.629,0.4822,0.3638,0.2197,0.1414,0.0627,0.0288
4311,1.0,0.8,0.5503,0.2844,0.1959,0.1692,0.1567,0.1287,0.06085
4312,1.0,0.8936,0.7554,0.606,0.464,0.3455,0.2559,0.2109,0.1752
4313,1.0,0.8936,0.731,0.4717,0.3013,0.2487,0.165,0.0837,0.05466
4314,1.001,0.863,0.725,0.65,0.5527,0.444,0.353,0.0867,0.0452
4315,0.9995,0.905,0.772,0.4832,0.3608,0.3198,0.2812,0.2546,0.2202
4316,1.001,0.8965,0.731,0.5576,0.415,0.3289,0.28,0.2341,0.185
4317,1.001,0.783,0.6235,0.5015,0.2688,0.228,0.202,0.1559,0.02054
4318,1.0,0.7393,0.5474,0.44,0.4114,0.363,0.3274,0.3005,0.06088
4319,1.001,0.853,0.5835,0.4,0.3604,0.3237,0.2966,0.2705,0.2191
4320,1.0,0.904,0.8013,0.686,0.5806,0.4937,0.3772,0.2408,0.08264
4321,1.001,0.8296,0.6987,0.611,0.5347,0.4512,0.3726,0.294,0.10126
4322,1.0,0.6646,0.4343,0.3862,0.3633,0.2805,0.2617,0.2421,0.1819
4323,1.0,0.8936,0.763,0.6357,0.537,0.457,0.3242,0.11664,0.0992
4324,1.0,0.785,0.559,0.4329,0.38,0.3474,0.3113,0.2537,0.2362
4325,1.001,0.7715,0.524,0.3604,0.2905,0.2358,0.2001,0.1794,0.1453
4326,1.0,0.853,0.5933,0.516,0.455,0.259,0.2158,0.1631,0.05408
4327,1.001,0.893,0.7256,0.5776,0.4585,0.1981,0.10986,0.0903,0.0682
4328,0.9995,0.872,0.674,0.508,0.283,0.1763,0.1427,0.1095,0.03284
4329,0.9995,0.878,0.67,0.5054,0.4111,0.2993,0.1666,0.0803,0.04868
4330,1.001,0.8477,0.6914,0.623,0.5864,0.5493,0.5,0.449,0.2563
4331,0.999,0.911,0.749,0.5225,0.3235,0.2678,0.2512,0.2112,0.0872
4332,1.0,0.796,0.649,0.562,0.4985,0.4365,0.3806,0.3267,0.2096
4333,1.001,0.9053,0.7773,0.652,0.5527,0.445,0.3655,0.306,0.1181
4334,1.0,0.849,0.554,0.245,0.1948,0.1716,0.1536,0.1414,0.12384
4335,1.0,0.819,0.5894,0.438,0.3254,0.2467,0.1996,0.1627,0.1248
4336,1.0,0.889,0.769,0.624,0.4482,0.3455,0.2783,0.262,0.2034
4337,1.001,0.877,0.7207,0.619,0.539,0.4553,0.393,0.3438,0.2363
4338,1.0,0.867,0.5854,0.3943,0.2622,0.1919,0.1556,0.1285,0.08765
4339,1.0,0.7964,0.5767,0.4,0.379,0.3691,0.3423,0.287,0.1714
4340,0.9995,0.868,0.697,0.587,0.5195,0.473,0.4158,0.3215,0.2194
4341,1.0,0.8174,0.6655,0.57,0.521,0.4539,0.3975,0.3416,0.1697
4342,1.0,0.9146,0.805,0.658,0.5176,0.414,0.2637,0.05185,0.02187
4343,1.0,0.872,0.683,0.5195,0.4456,0.3726,0.1871,0.0753,0.05124
4344,1.0,0.764,0.6196,0.5586,0.495,0.3074,0.245,0.21,0.01688
4345,1.0,0.887,0.741,0.675,0.615,0.5337,0.42,0.3096,0.1477
4346,1.0,0.803,0.6133,0.5513,0.498,0.463,0.4023,0.3682,0.3103
4347,1.001,0.8657,0.677,0.392,0.2491,0.1663,0.07605,0.04126,0.02489
4348,1.0,0.8916,0.4832,0.2544,0.2058,0.1859,0.1832,0.1766,0.1587
4349,1.001,0.8643,0.6147,0.4248,0.3552,0.2976,0.2585,0.2316,0.12067
4350,1.0,0.8857,0.678,0.4219,0.365,0.3262,0.293,0.2275,0.1293
4351,1.0,0.889,0.7993,0.712,0.6343,0.555,0.4802,0.4126,0.3538
4352,1.0,0.645,0.5938,0.5566,0.5356,0.508,0.4446,0.3027,0.2076
4353,0.9995,0.869,0.6216,0.5513,0.5083,0.4673,0.443,0.419,0.2578
4354,0.9995,0.859,0.7397,0.6567,0.585,0.522,0.4578,0.389,0.3118
4355,1.001,0.7983,0.5474,0.3699,0.272,0.1987,0.0796,0.0553,-0.002064
4356,1.0,0.842,0.6343,0.4968,0.3933,0.3281,0.2737,0.202,0.06537
4357,0.999,0.87,0.663,0.4487,0.3906,0.363,0.267,0.1929,0.1495
4358,1.0,0.875,0.7793,0.648,0.516,0.4001,0.3098,0.264,0.10706
4359,1.001,0.7983,0.6206,0.3655,0.3337,0.3096,0.2805,0.255,0.03024
4360,1.0,0.9062,0.775,0.6504,0.523,0.257,0.1377,0.1223,0.1165
4361,1.0,0.806,0.6475,0.5244,0.4338,0.3704,0.298,0.2576,0.01834
4362,1.0,0.8896,0.7573,0.6606,0.6064,0.5205,0.4045,0.3352,0.2051
4363,1.0,0.8955,0.687,0.648,0.507,0.48,0.2294,0.06003,0.003563
4364,1.0,0.8984,0.7173,0.5854,0.52,0.4653,0.4163,0.3276,0.148
4365,1.0,0.7764,0.6714,0.5137,0.4504,0.407,0.3508,0.1448,0.0332
4366,1.001,0.7773,0.505,0.3826,0.299,0.2402,0.195,0.142,0.0263
4367,1.001,0.8184,0.632,0.505,0.3757,0.304,0.2072,0.09454,0.0366
4368,1.001,0.878,0.686,0.505,0.3022,0.2551,0.154,0.1353,0.1061
4369,1.001,0.8677,0.737,0.6367,0.5547,0.476,0.4045,0.3328,0.2306
4370,0.9995,0.875,0.689,0.508,0.4556,0.3467,0.255,0.2041,0.1814
4371,0.9995,0.898,0.7437,0.4106,0.3364,0.3147,0.293,0.2605,0.097
4372,1.001,0.835,0.7134,0.5986,0.488,0.394,0.3018,0.1891,0.049
4373,1.0,0.863,0.7183,0.6147,0.549,0.499,0.407,0.0548,0.03806
4374,1.0,0.876,0.699,0.4988,0.3076,0.2162,0.1431,0.12,0.03726
4375,1.0,0.8887,0.6836,0.4714,0.346,0.3206,0.3062,0.287,0.2379
4376,1.0,0.882,0.635,0.482,0.3308,0.2166,0.0904,0.004307,0.00331
4377,1.001,0.706,0.49,0.3577,0.312,0.2817,0.2454,0.1559,0.04105
4378,1.001,0.813,0.6274,0.5103,0.4263,0.4023,0.3506,0.2534,0.2285
4379,0.9995,0.883,0.7563,0.615,0.427,0.1646,0.1498,0.1299,0.1165
4380,0.9995,0.8467,0.6846,0.555,0.3245,0.2595,0.0991,0.0818,0.05353
4381,0.9995,0.913,0.754,0.6025,0.4888,0.366,0.3247,0.3052,0.2268
4382,1.001,0.908,0.6006,0.454,0.357,0.328,0.306,0.2715,0.1938
4383,0.9995,0.807,0.61,0.5034,0.4648,0.437,0.3555,0.2192,0.0552
4384,1.0,0.8867,0.668,0.491,0.3633,0.3337,0.2634,0.2025,0.1324
4385,1.0,0.911,0.749,0.604,0.5186,0.4324,0.3872,0.3506,0.322
4386,1.0,0.897,0.7876,0.687,0.5913,0.506,0.3774,0.1998,0.1459
4387,0.9995,0.542,0.4417,0.3652,0.3044,0.2449,0.1733,0.1512,0.0504
4388,1.001,0.871,0.728,0.607,0.373,0.307,0.2734,0.2384,0.2097
4389,1.001,0.778,0.566,0.3542,0.2615,0.2032,0.1338,0.08203,0.06396
4390,1.0,0.8335,0.627,0.4585,0.3726,0.3198,0.274,0.1652,0.0505
4391,1.0,0.868,0.7563,0.683,0.6294,0.594,0.545,0.4766,0.4216
4392,0.999,0.8853,0.6636,0.454,0.2734,0.2498,0.2407,0.1836,0.1116
4393,1.0,0.9014,0.7993,0.7188,0.624,0.55,0.5327,0.4983,0.3872
4394,1.0,0.7935,0.5146,0.334,0.2214,0.1273,0.10486,0.0852,0.03738
4395,1.0,0.7876,0.635,0.5522,0.482,0.425,0.3235,0.2732,0.2698
4396,1.001,0.871,0.659,0.503,0.413,0.353,0.316,0.2825,0.2328
4398,1.0,0.8027,0.6235,0.4182,0.3442,0.3022,0.2664,0.2122,0.08844
4399,1.001,0.7476,0.6177,0.542,0.4934,0.4375,0.3643,0.2327,0.08765
